{"pos":{"n":3.050652027130127,"s":2.3967032432556154,"m":-1.366101622581482}}